-- ============================================
-- Вставка тестовых данных в таблицу notification.templates - шаблоны уведомлений
-- ============================================
INSERT INTO notification.templates (id, key, text, created, updated) VALUES
('11111111-1111-1111-1111-111111111111', 
 'auth_credentials', 
 'Ваши данные для входа:\nЛогин: {{login}}\nПароль: {{password}}', 
 NOW() - INTERVAL '30 days', 
 NOW() - INTERVAL '5 days'),
('22222222-2222-2222-2222-222222222222', 
 'password_reset', 
 'Запрос на сброс пароля.\nКод подтверждения: {{code}}\nДействует 10 минут.', 
 NOW() - INTERVAL '25 days', 
 NULL),
('33333333-3333-3333-3333-333333333333', 
 'welcome_message', 
 'Добро пожаловать в MAX Disk 360, {{username}}!\nВам доступно {{storage_gb}} ГБ.', 
 NOW() - INTERVAL '20 days', 
 NOW() - INTERVAL '2 days'),
('44444444-4444-4444-4444-444444444444', 
 'storage_warning', 
 'Внимание! Заполнено {{used_percent}}% хранилища.\nОсталось {{remaining_gb}} ГБ.', 
 NOW() - INTERVAL '15 days', 
 NULL),
('55555555-5555-5555-5555-555555555555', 
 'file_shared', 
 'Пользователь {{sharer_name}} поделился файлом: {{file_name}}', 
 NOW() - INTERVAL '10 days', 
 NOW() - INTERVAL '1 day'),
('66666666-6666-6666-6666-666666666666', 
 'two_factor_code', 
 'Код двухфакторной аутентификации: {{code}}\nНе сообщайте код никому.\nДействует 5 минут.', 
 NOW() - INTERVAL '8 days', 
 NULL),
('77777777-7777-7777-7777-777777777777', 
 'storage_critical', 
 'Критично! Хранилище заполнено на {{used_percent}}%.\nЗагрузка файлов приостановлена.\nОсвободите {{required_gb}} ГБ.', 
 NOW() - INTERVAL '7 days', 
 NOW() - INTERVAL '1 day'),
('88888888-8888-8888-8888-888888888888', 
 'file_upload_complete', 
 'Загрузка файла завершена.\nФайл: {{file_name}}\nРазмер: {{file_size_mb}} МБ', 
 NOW() - INTERVAL '6 days', 
 NULL),
('99999999-9999-9999-9999-999999999999', 
 'security_alert', 
 'Новый вход в аккаунт.\nУстройство: {{device_name}}\nIP: {{ip_address}}\nВремя: {{login_time}}', 
 NOW() - INTERVAL '5 days', 
 NOW() - INTERVAL '2 days'),
('aaaaaaaa-aaaa-aaaa-aaaa-aaaaaaaaaaaa', 
 'subscription_expiring', 
 'Подписка истекает через {{days_left}} дн.\nТариф: {{plan_name}}\nПродлите доступ: {{renewal_link}}', 
 NOW() - INTERVAL '4 days', 
 NULL);

-- ============================================
-- Вставка тестовых данных в таблицу notification.notifications - INBOX/OUTBOX для отправки уведомлений
-- ============================================
INSERT INTO notification.notifications (
    id, kafka_msg_id, user_id, type, external_system_id, 
    template_id, payload, expires, created, updated
) VALUES
('aaaaaaaa-aaaa-aaaa-aaaa-aaaaaaaaaaaa', 
 'kafka-offset-001', 
 '10000000-1000-1000-1000-100000000001', 
 'TELEGRAM', 
 '987654321', 
 '11111111-1111-1111-1111-111111111111', 
 '{"login": "user1@example.com", "password": "TempPass123"}', 
 NOW() + INTERVAL '1 hour', 
 NOW() - INTERVAL '2 hours', 
 NOW() - INTERVAL '1 hour'),
('bbbbbbbb-bbbb-bbbb-bbbb-bbbbbbbbbbbb', 
 'kafka-offset-002', 
 '10000000-1000-1000-1000-100000000002', 
 'TELEGRAM', 
 '987654322', 
 '22222222-2222-2222-2222-222222222222', 
 '{"code": "458921"}', 
 NOW() + INTERVAL '1 hour', 
 NOW() - INTERVAL '3 hours', 
 NOW() - INTERVAL '2 hours'),
('cccccccc-cccc-cccc-cccc-cccccccccccc', 
 'kafka-offset-003', 
 '10000000-1000-1000-1000-100000000003', 
 'TELEGRAM', 
 '987654323', 
 '33333333-3333-3333-3333-333333333333', 
 '{"username": "ivanov", "storage_gb": 50}', 
 NOW() - INTERVAL '1 hour', 
 NOW() - INTERVAL '3 hours', 
 NOW() - INTERVAL '2 hours'),
('dddddddd-dddd-dddd-dddd-dddddddddddd', 
 'kafka-offset-004', 
 '10000000-1000-1000-1000-100000000004', 
 'TELEGRAM', 
 '987654324', 
 '44444444-4444-4444-4444-444444444444', 
 '{"used_percent": 95, "remaining_gb": 2}', 
 NOW() + INTERVAL '1 hour', 
 NOW() - INTERVAL '4 hours', 
 NOW() - INTERVAL '3 hours'),
('eeeeeeee-eeee-eeee-eeee-eeeeeeeeeeee', 
 'kafka-offset-005', 
 '10000000-1000-1000-1000-100000000005', 
 'TELEGRAM', 
 '987654325', 
 '55555555-5555-5555-5555-555555555555', 
 '{"sharer_name": "Петров А.", "file_name": "report.pdf"}', 
 NOW() + INTERVAL '1 hour', 
 NOW() - INTERVAL '5 hours', 
 NOW() - INTERVAL '4 hours'),
('ffffffff-ffff-ffff-ffff-ffffffffffff', 
 'kafka-offset-006', 
 '10000000-1000-1000-1000-100000000006', 
 'TELEGRAM', 
 '987654326', 
 '11111111-1111-1111-1111-111111111111', 
 '{"login": "user6@example.com", "password": "SecurePass456"}', 
 NOW() + INTERVAL '1 hour', 
 NOW() - INTERVAL '6 hours', 
 NOW() - INTERVAL '5 hours'),
('11111112-1111-1111-1111-111111111112', 
 'kafka-offset-007', 
 '10000000-1000-1000-1000-100000000007', 
 'TELEGRAM', 
 '987654327', 
 '22222222-2222-2222-2222-222222222222', 
 '{"code": "789456"}', 
 NOW() + INTERVAL '1 hour', 
 NOW() - INTERVAL '7 hours', 
 NOW() - INTERVAL '6 hours'),
('22222223-2222-2222-2222-222222222223', 
 'kafka-offset-008', 
 '10000000-1000-1000-1000-100000000008', 
 'TELEGRAM', 
 '987654328', 
 '33333333-3333-3333-3333-333333333333', 
 '{"username": "smirnova", "storage_gb": 100}', 
 NOW() + INTERVAL '1 hour', 
 NOW() - INTERVAL '8 hours', 
 NOW() - INTERVAL '7 hours'),
('33333334-3333-3333-3333-333333333334', 
 'kafka-offset-009', 
 '10000000-1000-1000-1000-100000000009', 
 'TELEGRAM', 
 '987654329', 
 '44444444-4444-4444-4444-444444444444', 
 '{"used_percent": 80, "remaining_gb": 10}', 
 NOW() + INTERVAL '1 hour', 
 NOW() - INTERVAL '9 hours', 
 NOW() - INTERVAL '8 hours'),
('44444445-4444-4444-4444-444444444445', 
 'kafka-offset-010', 
 '10000000-1000-1000-1000-100000000010', 
 'TELEGRAM', 
 '987654330', 
 '55555555-5555-5555-5555-555555555555', 
 '{"sharer_name": "Сидоров В.", "file_name": "contract.docx"}', 
 NOW() + INTERVAL '1 hour', 
 NOW() - INTERVAL '10 hours', 
 NOW() - INTERVAL '9 hours');

-- ============================================
-- Вставка тестовых данных в таблицу notification.notifications_status - статусы отправки уведомлений
-- ============================================
INSERT INTO notification.notifications_status (id, notification_id, status, description, created) VALUES
(gen_random_uuid(), 'aaaaaaaa-aaaa-aaaa-aaaa-aaaaaaaaaaaa', 'CREATED', NULL, NOW() - INTERVAL '2 hours'),
(gen_random_uuid(), 'aaaaaaaa-aaaa-aaaa-aaaa-aaaaaaaaaaaa', 'SENT', NULL, NOW() - INTERVAL '1 hour 55 minutes');
INSERT INTO notification.notifications_status (id, notification_id, status, description, created) VALUES
(gen_random_uuid(), 'bbbbbbbb-bbbb-bbbb-bbbb-bbbbbbbbbbbb', 'CREATED', NULL, NOW() - INTERVAL '3 hours'),
(gen_random_uuid(), 'bbbbbbbb-bbbb-bbbb-bbbb-bbbbbbbbbbbb', 'SENT', NULL, NOW() - INTERVAL '2 hours 50 minutes');
INSERT INTO notification.notifications_status (id, notification_id, status, description, created) VALUES
(gen_random_uuid(), 'cccccccc-cccc-cccc-cccc-cccccccccccc', 'CREATED', NULL, NOW() - INTERVAL '3 hours'),
(gen_random_uuid(), 'cccccccc-cccc-cccc-cccc-cccccccccccc', 'NOT_SENT', 'Notification lifetime exceeded', NOW() - INTERVAL '1 hour');
INSERT INTO notification.notifications_status (id, notification_id, status, description, created) VALUES
(gen_random_uuid(), 'dddddddd-dddd-dddd-dddd-dddddddddddd', 'CREATED', NULL, NOW() - INTERVAL '4 hours'),
(gen_random_uuid(), 'dddddddd-dddd-dddd-dddd-dddddddddddd', 'NOT_SENT', 'Telegram error 500: Internal Server Error', NOW() - INTERVAL '3 hours 30 minutes');
INSERT INTO notification.notifications_status (id, notification_id, status, description, created) VALUES
(gen_random_uuid(), 'eeeeeeee-eeee-eeee-eeee-eeeeeeeeeeee', 'CREATED', NULL, NOW() - INTERVAL '5 hours'),
(gen_random_uuid(), 'eeeeeeee-eeee-eeee-eeee-eeeeeeeeeeee', 'SENT', NULL, NOW() - INTERVAL '4 hours 55 minutes');
INSERT INTO notification.notifications_status (id, notification_id, status, description, created) VALUES
(gen_random_uuid(), 'ffffffff-ffff-ffff-ffff-ffffffffffff', 'CREATED', NULL, NOW() - INTERVAL '6 hours'),
(gen_random_uuid(), 'ffffffff-ffff-ffff-ffff-ffffffffffff', 'SENT', NULL, NOW() - INTERVAL '5 hours 50 minutes');
INSERT INTO notification.notifications_status (id, notification_id, status, description, created) VALUES
(gen_random_uuid(), '11111112-1111-1111-1111-111111111112', 'CREATED', NULL, NOW() - INTERVAL '7 hours'),
(gen_random_uuid(), '11111112-1111-1111-1111-111111111112', 'NOT_SENT', 'Telegram error 403: Forbidden', NOW() - INTERVAL '6 hours 30 minutes');
INSERT INTO notification.notifications_status (id, notification_id, status, description, created) VALUES
(gen_random_uuid(), '22222223-2222-2222-2222-222222222223', 'CREATED', NULL, NOW() - INTERVAL '8 hours'),
(gen_random_uuid(), '22222223-2222-2222-2222-222222222223', 'SENT', NULL, NOW() - INTERVAL '7 hours 55 minutes');
INSERT INTO notification.notifications_status (id, notification_id, status, description, created) VALUES
(gen_random_uuid(), '33333334-3333-3333-3333-333333333334', 'CREATED', NULL, NOW() - INTERVAL '9 hours'),
(gen_random_uuid(), '33333334-3333-3333-3333-333333333334', 'NOT_SENT', 'Connection timeout', NOW() - INTERVAL '8 hours 30 minutes');
INSERT INTO notification.notifications_status (id, notification_id, status, description, created) VALUES
(gen_random_uuid(), '44444445-4444-4444-4444-444444444445', 'CREATED', NULL, NOW() - INTERVAL '10 hours'),
(gen_random_uuid(), '44444445-4444-4444-4444-444444444445', 'SENT', NULL, NOW() - INTERVAL '9 hours 55 minutes');